t_s,mode,target_rad_s,speed_rad_s,u,u_unsaturated
0.0889,coast,6.2800,0.0000,0.0000,0.0000
0.0908,pi,6.2800,0.0000,0.1256,0.1256
0.0953,pi,6.2800,0.0000,0.1272,0.1272
0.0992,pi,6.2800,0.0000,0.1287,0.1287
0.1035,pi,6.2800,0.0000,0.1303,0.1303
0.1073,pi,6.2800,0.0000,0.1319,0.1319
0.1110,pi,6.2800,0.0000,0.1335,0.1335
0.1147,pi,6.2800,0.0717,0.1336,0.1336
0.1185,pi,6.2800,0.1200,0.1342,0.1342
0.1227,pi,6.2800,0.2074,0.1340,0.1340
0.1267,pi,6.2800,0.3166,0.1333,0.1333
0.1304,pi,6.2800,0.4542,0.1321,0.1321
0.1342,pi,6.2800,0.6652,0.1293,0.1293
0.1380,pi,6.2800,0.8843,0.1263,0.1263
0.1418,pi,6.2800,1.1175,0.1230,0.1230
0.1455,pi,6.2800,1.3967,0.1187,0.1187
0.1493,pi,6.2800,1.7119,0.1136,0.1136
0.1531,pi,6.2800,2.0554,0.1079,0.1079
0.1571,pi,6.2800,2.4501,0.1011,0.1011
0.1617,pi,6.2800,2.7811,0.0954,0.0954
0.1667,pi,6.2800,3.0935,0.0900,0.0900
0.1717,pi,6.2800,3.3886,0.0849,0.0849
0.1767,pi,6.2800,3.6708,0.0800,0.0800
0.1817,pi,6.2800,3.8967,0.0761,0.0761
0.1867,pi,6.2800,4.1235,0.0722,0.0722
0.1918,pi,6.2800,4.2540,0.0701,0.0701
0.1967,pi,6.2800,4.3579,0.0685,0.0685
0.2018,pi,6.2800,4.4411,0.0674,0.0674
0.2067,pi,6.2800,4.5124,0.0664,0.0664
0.2117,pi,6.2800,4.5646,0.0658,0.0658
0.2167,pi,6.2800,4.5562,0.0664,0.0664
0.2217,pi,6.2800,4.5494,0.0670,0.0670
0.2267,pi,6.2800,4.5440,0.0675,0.0675
0.2317,pi,6.2800,4.4892,0.0690,0.0690
0.2367,pi,6.2800,4.4455,0.0703,0.0703
0.2417,pi,6.2800,4.4242,0.0712,0.0712
0.2467,pi,6.2800,4.4535,0.0711,0.0711
0.2517,pi,6.2800,4.4312,0.0720,0.0720
0.2568,pi,6.2800,4.4132,0.0728,0.0728
0.2617,pi,6.2800,4.3849,0.0739,0.0739
0.2667,pi,6.2800,4.3304,0.0754,0.0754
0.2717,pi,6.2800,4.3327,0.0759,0.0759
0.2768,pi,6.2800,4.3205,0.0766,0.0766
0.2817,pi,6.2800,4.3248,0.0770,0.0770
0.2869,pi,6.2800,4.3739,0.0765,0.0765
0.2922,pi,6.2800,4.4132,0.0762,0.0762
0.2966,pi,6.2800,4.3990,0.0770,0.0770
0.3017,pi,6.2800,4.3876,0.0776,0.0776
0.3068,pi,6.2800,4.4148,0.0776,0.0776
0.3117,pi,6.2800,4.4002,0.0783,0.0783
0.3167,pi,6.2800,4.3886,0.0790,0.0790
0.3217,pi,6.2800,4.4251,0.0788,0.0788
0.3267,pi,6.2800,4.4544,0.0787,0.0787
0.3317,pi,6.2800,4.4320,0.0796,0.0796
0.3367,pi,6.2800,4.4138,0.0804,0.0804
0.3417,pi,6.2800,4.3995,0.0811,0.0811
0.3467,pi,6.2800,4.3421,0.0828,0.0828
0.3517,pi,6.2800,4.3421,0.0832,0.0832
0.3568,pi,6.2800,4.3419,0.0837,0.0837
0.3617,pi,6.2800,4.3422,0.0842,0.0842
0.3667,pi,6.2800,4.3421,0.0847,0.0847
0.3718,pi,6.2800,4.3278,0.0855,0.0855
0.3767,pi,6.2800,4.3163,0.0862,0.0862
0.3817,pi,6.2800,4.3575,0.0859,0.0859
0.3868,pi,6.2800,4.3898,0.0857,0.0857
0.3917,pi,6.2800,4.4160,0.0856,0.0856
0.3967,pi,6.2800,4.4373,0.0857,0.0857
0.4017,pi,6.2800,4.4543,0.0858,0.0858
0.4068,pi,6.2800,4.4678,0.0860,0.0860
0.4118,pi,6.2800,4.4783,0.0862,0.0862
0.4167,pi,6.2800,4.5373,0.0855,0.0855
0.4217,pi,6.2800,4.5893,0.0849,0.0849
0.4267,pi,6.2800,4.6313,0.0845,0.0845
0.4317,pi,6.2800,4.6651,0.0842,0.0842
0.4367,pi,6.2800,4.6921,0.0841,0.0841
0.4417,pi,6.2800,4.6688,0.0849,0.0849
0.4467,pi,6.2800,4.6493,0.0857,0.0857
0.4517,pi,6.2800,4.6793,0.0855,0.0855
0.4567,pi,6.2800,4.7033,0.0855,0.0855
0.4617,pi,6.2800,4.7228,0.0855,0.0855
0.4667,pi,6.2800,4.7385,0.0855,0.0855
0.4717,pi,6.2800,4.7505,0.0857,0.0857
0.4768,pi,6.2800,4.7051,0.0870,0.0870
0.4817,pi,6.2800,4.7190,0.0871,0.0871
0.4867,pi,6.2800,4.6799,0.0883,0.0883
0.4916,pi,6.2800,4.6579,0.0891,0.0891
0.4967,pi,6.2800,4.6859,0.0889,0.0889
0.5018,pi,6.2800,4.7035,0.0890,0.0890
0.5068,pi,6.2800,4.7174,0.0891,0.0891
0.5118,pi,6.2800,4.7285,0.0893,0.0893
0.5166,pi,6.2800,4.7377,0.0895,0.0895
0.5217,pi,6.2800,4.7451,0.0897,0.0897
0.5266,pi,6.2800,4.7556,0.0899,0.0899
0.5317,pi,6.2800,4.8100,0.0892,0.0892
0.5367,pi,6.2800,4.8076,0.0896,0.0896
0.5417,pi,6.2800,4.8515,0.0891,0.0891
0.5467,pi,6.2800,4.8866,0.0887,0.0887
0.5517,pi,6.2800,4.9147,0.0885,0.0885
0.5567,pi,6.2800,4.9376,0.0884,0.0884
0.5617,pi,6.2800,4.9558,0.0884,0.0884
0.5667,pi,6.2800,4.9706,0.0884,0.0884
0.5717,pi,6.2800,4.9818,0.0885,0.0885
0.5767,pi,6.2800,4.9910,0.0887,0.0887
0.5817,pi,6.2800,4.9982,0.0888,0.0888
0.5867,pi,6.2800,5.0039,0.0891,0.0891
0.5918,pi,6.2800,5.0083,0.0893,0.0893
0.5967,pi,6.2800,5.0116,0.0895,0.0895
0.6017,pi,6.2800,5.0144,0.0898,0.0898
0.6068,pi,6.2800,5.0166,0.0901,0.0901
0.6117,pi,6.2800,5.0183,0.0904,0.0904
0.6167,pi,6.2800,4.9695,0.0916,0.0916
0.6217,pi,6.2800,4.9802,0.0918,0.0918
0.6267,pi,6.2800,4.9393,0.0929,0.0929
0.6318,pi,6.2800,4.9554,0.0929,0.0929
0.6367,pi,6.2800,4.9689,0.0930,0.0930
0.6417,pi,6.2800,4.9802,0.0931,0.0931
0.6467,pi,6.2800,4.9893,0.0932,0.0932
0.6517,pi,6.2800,4.9966,0.0934,0.0934
0.6567,pi,6.2800,5.0026,0.0936,0.0936
0.6617,pi,6.2800,5.0077,0.0938,0.0938
0.6667,pi,6.2800,5.0118,0.0940,0.0940
0.6717,pi,6.2800,5.0607,0.0934,0.0934
0.6767,pi,6.2800,5.1041,0.0928,0.0928
0.6817,pi,6.2800,5.1344,0.0925,0.0925
0.6867,pi,6.2800,5.1142,0.0932,0.0932
0.6917,pi,6.2800,5.0972,0.0938,0.0938
0.6967,pi,6.2800,5.0832,0.0944,0.0944
0.7017,pi,6.2800,5.0722,0.0949,0.0949
0.7067,pi,6.2800,5.0633,0.0954,0.0954
0.7118,pi,6.2800,5.0557,0.0959,0.0959
0.7167,pi,6.2800,5.0497,0.0963,0.0963
0.7217,pi,6.2800,5.0450,0.0967,0.0967
0.7267,pi,6.2800,5.0412,0.0971,0.0971
0.7317,pi,6.2800,5.0382,0.0974,0.0974
0.7367,pi,6.2800,5.0357,0.0978,0.0978
0.7416,pi,6.2800,5.0796,0.0972,0.0972
0.7467,pi,6.2800,5.1146,0.0968,0.0968
0.7517,pi,6.2800,5.1427,0.0966,0.0966
0.7568,pi,6.2800,5.1697,0.0963,0.0963
0.7618,pi,6.2800,5.1912,0.0962,0.0962
0.7668,pi,6.2800,5.2084,0.0961,0.0961
0.7718,pi,6.2800,5.2221,0.0961,0.0961
0.7767,pi,6.2800,5.2330,0.0961,0.0961
0.7816,pi,6.2800,5.2831,0.0954,0.0954
0.7867,pi,6.2800,5.3233,0.0948,0.0948
0.7917,pi,6.2800,5.3141,0.0953,0.0953
0.7966,pi,6.2800,5.3020,0.0957,0.0957
0.8018,pi,6.2800,5.2928,0.0962,0.0962
0.8067,pi,6.2800,5.2853,0.0966,0.0966
0.8117,pi,6.2800,5.2793,0.0969,0.0969
0.8167,pi,6.2800,5.2747,0.0973,0.0973
0.8217,pi,6.2800,5.2709,0.0976,0.0976
0.8267,pi,6.2800,5.2680,0.0979,0.0979
0.8317,pi,6.2800,5.2196,0.0991,0.0991
0.8366,pi,6.2800,5.2268,0.0993,0.0993
0.8417,pi,6.2800,5.2325,0.0994,0.0994
0.8468,pi,6.2800,5.2411,0.0995,0.0995
0.8517,pi,6.2800,5.2484,0.0996,0.0996
0.8567,pi,6.2800,5.2954,0.0989,0.0989
0.8617,pi,6.2800,5.3419,0.0982,0.0982
0.8668,pi,6.2800,5.3789,0.0977,0.0977
0.8717,pi,6.2800,5.4086,0.0974,0.0974
0.8767,pi,6.2800,5.4323,0.0971,0.0971
0.8818,pi,6.2800,5.4512,0.0970,0.0970
0.8867,pi,6.2800,5.4159,0.0979,0.0979
0.8917,pi,6.2800,5.4381,0.0976,0.0976
0.8967,pi,6.2800,5.4470,0.0977,0.0977
0.9017,pi,6.2800,5.4634,0.0975,0.0975
0.9067,pi,6.2800,5.4263,0.0985,0.0985
0.9117,pi,6.2800,5.3920,0.0994,0.0994
0.9167,pi,6.2800,5.3650,0.1002,0.1002
0.9217,pi,6.2800,5.3889,0.0999,0.0999
0.9267,pi,6.2800,5.4079,0.0997,0.0997
0.9317,pi,6.2800,5.4231,0.0997,0.0997
0.9367,pi,6.2800,5.4354,0.0996,0.0996
0.9417,pi,6.2800,5.4038,0.1005,0.1005
0.9467,pi,6.2800,5.3783,0.1012,0.1012
0.9517,pi,6.2800,5.3580,0.1018,0.1018
0.9567,pi,6.2800,5.3917,0.1014,0.1014
0.9617,pi,6.2800,5.4189,0.1011,0.1011
0.9668,pi,6.2800,5.4404,0.1009,0.1009
0.9717,pi,6.2800,5.4078,0.1017,0.1017
0.9767,pi,6.2800,5.4319,0.1015,0.1015
0.9820,pi,6.2800,5.4513,0.1013,0.1013
0.9872,pi,6.2800,5.4665,0.1012,0.1012
0.9923,pi,6.2800,5.4785,0.1011,0.1011
0.9967,pi,6.2800,5.4884,0.1011,0.1011
1.0016,pi,6.2800,5.4876,0.1014,0.1014
1.0067,pi,6.2800,5.4867,0.1016,0.1016
1.0116,pi,6.2800,5.4864,0.1018,0.1018
1.0167,pi,6.2800,5.4860,0.1020,0.1020
1.0217,pi,6.2800,5.4859,0.1022,0.1022
1.0267,pi,6.2800,5.4856,0.1024,0.1024
1.0317,pi,6.2800,5.4855,0.1026,0.1026
1.0367,pi,6.2800,5.4854,0.1028,0.1028
1.0417,pi,6.2800,5.4851,0.1030,0.1030
1.0467,pi,6.2800,5.4853,0.1032,0.1032
1.0518,pi,6.2800,5.4940,0.1032,0.1032
1.0567,pi,6.2800,5.5376,0.1025,0.1025
1.0617,pi,6.2800,5.5359,0.1028,0.1028
1.0667,pi,6.2800,5.5345,0.1030,0.1030
1.0717,pi,6.2800,5.5831,0.1022,0.1022
1.0767,pi,6.2800,5.6086,0.1019,0.1019
1.0817,pi,6.2800,5.5927,0.1023,0.1023
1.0867,pi,6.2800,5.5799,0.1028,0.1028
1.0917,pi,6.2800,5.5604,0.1033,0.1033
1.0969,pi,6.2800,5.5535,0.1037,0.1037
1.1019,pi,6.2800,5.5984,0.1029,0.1029
1.1067,pi,6.2800,5.5842,0.1034,0.1034
1.1117,pi,6.2800,5.5731,0.1038,0.1038
1.1167,pi,6.2800,5.6145,0.1031,0.1031
1.1217,pi,6.2800,5.6339,0.1029,0.1029
1.1275,pi,6.2800,5.6115,0.1035,0.1035
1.1328,pi,6.2800,5.5928,0.1041,0.1041
1.1387,pi,6.2800,5.5775,0.1045,0.1045
1.1448,pi,6.2800,5.6149,0.1040,0.1040
1.1507,pi,6.2800,5.6439,0.1036,0.1036
1.1552,pi,6.2800,5.5216,0.1062,0.1062
1.1598,pi,6.2800,5.4716,0.1074,0.1074
1.1648,pi,6.2800,5.4312,0.1084,0.1084
1.1697,pi,6.2800,5.3491,0.1102,0.1102
1.1742,pi,6.2800,5.2843,0.1117,0.1117
1.1786,pi,6.2800,5.2779,0.1121,0.1121
1.1830,pi,6.2800,5.2280,0.1134,0.1134
1.1880,pi,6.2800,5.2331,0.1135,0.1135
1.1930,pi,6.2800,5.2834,0.1128,0.1128
1.1978,pi,6.2800,5.1897,0.1149,0.1149
1.2030,pi,6.2800,5.2072,0.1148,0.1148
1.2080,pi,6.2800,5.1654,0.1159,0.1159
1.2127,pi,6.2800,5.1848,0.1158,0.1158
1.2175,pi,6.2800,5.1991,0.1158,0.1158
1.2228,pi,6.2800,5.2648,0.1148,0.1148
1.2269,pi,6.2800,5.3086,0.1141,0.1141
1.2318,pi,6.2800,5.2980,0.1146,0.1146
1.2367,pi,6.2800,5.3812,0.1132,0.1132
1.2417,pi,6.2800,5.4038,0.1130,0.1130
1.2466,pi,6.2800,5.4220,0.1128,0.1128
1.2517,pi,6.2800,5.5265,0.1109,0.1109
1.2567,pi,6.2800,5.6577,0.1085,0.1085
1.2617,pi,6.2800,5.7669,0.1065,0.1065
1.2667,pi,6.2800,5.8067,0.1058,0.1058
1.2717,pi,6.2800,5.8804,0.1044,0.1044
1.2767,pi,6.2800,5.8936,0.1043,0.1043
1.2819,pi,6.2800,5.9211,0.1038,0.1038
1.2867,pi,6.2800,5.8931,0.1045,0.1045
1.2917,pi,6.2800,5.9206,0.1040,0.1040
1.2968,pi,6.2800,5.8909,0.1047,0.1047
1.3018,pi,6.2800,5.9184,0.1043,0.1043
1.3068,pi,6.2800,5.8905,0.1049,0.1049
1.3119,pi,6.2800,5.8679,0.1055,0.1055
1.3209,pi,6.2800,5.8922,0.1051,0.1051
1.3273,pi,6.2800,5.8686,0.1056,0.1056
1.3319,pi,6.2800,5.8495,0.1061,0.1061
1.3376,pi,6.2800,5.8854,0.1055,0.1055
1.3415,pi,6.2800,5.9101,0.1051,0.1051
1.3452,pi,6.2800,5.8845,0.1057,0.1057
1.3490,pi,6.2800,5.8502,0.1065,0.1065
1.3528,pi,6.2800,5.8691,0.1062,0.1062
1.3569,pi,6.2800,5.8507,0.1067,0.1067
1.3616,pi,6.2800,5.8233,0.1074,0.1074
1.3666,pi,6.2800,5.8473,0.1070,0.1070
1.3717,pi,6.2800,5.8288,0.1075,0.1075
1.3767,pi,6.2800,5.8079,0.1080,0.1080
1.3817,pi,6.2800,5.7900,0.1085,0.1085
1.3867,pi,6.2800,5.7758,0.1089,0.1089
1.3917,pi,6.2800,5.7681,0.1092,0.1092
1.3967,pi,6.2800,5.7577,0.1095,0.1095
1.4017,pi,6.2800,5.7946,0.1089,0.1089
1.4067,pi,6.2800,5.7784,0.1093,0.1093
1.4117,pi,6.2800,5.7786,0.1095,0.1095
1.4167,pi,6.2800,5.7788,0.1096,0.1096
1.4217,pi,6.2800,5.7791,0.1097,0.1097
1.4267,pi,6.2800,5.8292,0.1088,0.1088
1.4317,pi,6.2800,5.8697,0.1081,0.1081
1.4367,pi,6.2800,5.8515,0.1086,0.1086
1.4417,pi,6.2800,5.8369,0.1090,0.1090
1.4467,pi,6.2800,5.8758,0.1083,0.1083
1.4517,pi,6.2800,5.8565,0.1088,0.1088
1.4567,pi,6.2800,5.8733,0.1086,0.1086
1.4617,pi,6.2800,5.8868,0.1084,0.1084
1.4667,pi,6.2800,5.8655,0.1089,0.1089
1.4717,pi,6.2800,5.8482,0.1094,0.1094
1.4767,pi,6.2800,5.8667,0.1091,0.1091
1.4817,pi,6.2800,5.8360,0.1098,0.1098
1.4867,pi,6.2800,5.8571,0.1095,0.1095
1.4917,pi,6.2800,5.8740,0.1093,0.1093
1.4967,pi,6.2800,5.8876,0.1091,0.1091
1.5017,pi,6.2800,5.8984,0.1090,0.1090
1.5067,pi,6.2800,5.8748,0.1096,0.1096
1.5116,pi,6.2800,5.8879,0.1094,0.1094
1.5167,pi,6.2800,5.8985,0.1093,0.1093
1.5217,pi,6.2800,5.9251,0.1089,0.1089
1.5268,pi,6.2800,5.8956,0.1096,0.1096
1.5317,pi,6.2800,5.9223,0.1091,0.1091
1.5367,pi,6.2800,5.8937,0.1098,0.1098
1.5417,pi,6.2800,5.9211,0.1093,0.1093
1.5467,pi,6.2800,5.9431,0.1090,0.1090
1.5517,pi,6.2800,5.9106,0.1097,0.1097
1.5570,pi,6.2800,5.9347,0.1093,0.1093
1.5619,pi,6.2800,5.9029,0.1100,0.1100
1.5667,pi,6.2800,5.8780,0.1106,0.1106
1.5717,pi,6.2800,5.8901,0.1105,0.1105
1.5773,pi,6.2800,5.9173,0.1100,0.1100
1.5819,pi,6.2800,5.8886,0.1107,0.1107
1.5871,pi,6.2800,5.9161,0.1103,0.1103
1.5921,pi,6.2800,5.8881,0.1109,0.1109
1.5973,pi,6.2800,5.9163,0.1104,0.1104
1.6016,pi,6.2800,5.9391,0.1101,0.1101
1.6067,pi,6.2800,5.9072,0.1108,0.1108
1.6117,pi,6.2800,5.8680,0.1117,0.1117
1.6173,pi,6.2800,5.9000,0.1111,0.1111
